{
    "molecule": "O   8.64297000000000e-01 -1.71381800000000e+00 -4.73367000000000e-01\nH   1.68527300000000e+00 -1.20159100000000e+00 -3.01982000000000e-01\nH   1.14997000000000e+00 -2.58689700000000e+00 -7.56299000000000e-01\nO  -7.30697000000000e-01  4.05669000000000e-01 -1.63668400000000e+00\nH  -2.64780000000000e-01 -4.35767000000000e-01 -1.50730100000000e+00\nH  -1.61069500000000e+00  2.46805000000000e-01 -1.24492900000000e+00\nO  -7.02299000000000e-01 -4.94721000000000e-01  1.65945100000000e+00\nH  -2.01238000000000e-01 -1.09653500000000e+00  1.08595400000000e+00\nH  -2.82609000000000e-01  3.63229000000000e-01  1.49278700000000e+00",
    "frag_energies": {
        "E(0, 1, 2)": -224.90664376436285,
        "E(0, 1)": -149.93586907477547,
        "E(0, 2)": -149.93470912363466,
        "E(1, 2)": -149.93022709382893,
        "E(0,)": -74.96364694161441,
        "E(1,)": -74.96490292927481,
        "E(2,)": -74.96489418272135
    },
    "n-body_energies": {
        "V_1B": -224.8934440536106,
        "V_2B": -0.01391718501787409,
        "V_3B": 0.0007174742656275157
    },
    "k-body_energies": {
        "K(0, 1, 2)_3B": 0.0007174742656275157,
        "K(0, 1)_2B": -0.007319203886225978,
        "K(0, 2)_2B": -0.0061679992988956656,
        "K(1, 2)_2B": -0.000429981832780868,
        "K(0,)_1B": -74.96364694161441,
        "K(1,)_1B": -74.96490292927481,
        "K(2,)_1B": -74.96489418272135
    }
}