{
    "molecule": "O -0.0005900753 0.0 -0.000452674\nH 0.9256102457 0.0 -0.2481132352\nH -9.30743e-05 0.0 0.9582869092\n\nO -0.0005900753 2.0 -0.000452674\nH 0.9256102457 2.0 -0.2481132352\nH -9.30743e-05 2.0 0.9582869092\n\nO -0.0005900753 4.0 -0.000452674\nH 0.9256102457 4.0 -0.2481132352\nH -9.30743e-05 4.0 0.9582869092\n",
    "frag_energies": {
        "E(0,)": -74.96309122144234,
        "E(1,)": -74.96309122144234,
        "E(2,)": -74.96309122144234,
        "E(0, 1)": -149.87016120148564,
        "E(0, 2)": -149.9250180472199,
        "E(1, 2)": -149.8701612014505,
        "E(0, 1, 2)": -224.77596731398936
    },
    "n-body_energies": {
        "V_1B": -224.88927366432702,
        "V_2B": 0.11320687849803335,
        "V_3B": 9.947183963276984e-05
    },
    "k-body_energies": {
        "K(0,)_1B": -74.96309122144234,
        "K(1,)_1B": -74.96309122144234,
        "K(2,)_1B": -74.96309122144234,
        "K(0, 1)_2B": 0.05602124139903708,
        "K(0, 2)_2B": 0.0011643956647731102,
        "K(1, 2)_2B": 0.056021241434194735,
        "K(0, 1, 2)_3B": 9.947183963276984e-05
    }
}